{"0": {"accuracy_train": [0.578125, 0.59375, 0.75, 0.78125, 0.65625, 0.75, 0.734375, 0.84375, 0.8125, 0.78125, 0.765625, 0.890625, 0.890625, 0.859375, 0.890625, 0.90625, 0.859375, 0.890625, 0.859375, 0.875, 0.90625, 0.875, 0.90625, 0.875, 0.90625], "loss_train": [0.6882359385490417, 0.6898220777511597, 0.5189247727394104, 0.506106436252594, 0.5229630470275879, 0.47827982902526855, 0.47511810064315796, 0.403082013130188, 0.3991192579269409, 0.4503265619277954, 0.40401774644851685, 0.27621519565582275, 0.3022977411746979, 0.3130936026573181, 0.2949787974357605, 0.2453242391347885, 0.30430126190185547, 0.24783404171466827, 0.2930936813354492, 0.2368089109659195, 0.22520767152309418, 0.26457491517066956, 0.2321358174085617, 0.26962810754776, 0.22415930032730103], "accuracy_test": [69.6969696969697, 68.68686868686869, 80.8080808080808, 84.84848484848484, 83.83838383838383, 73.73737373737374, 81.81818181818181, 76.76767676767676, 79.79797979797979, 84.84848484848484, 84.84848484848484, 85.85858585858585, 85.85858585858585, 85.85858585858585, 84.84848484848484, 84.84848484848484, 86.86868686868686, 84.84848484848484, 86.86868686868686, 85.85858585858585, 88.88888888888889, 87.87878787878788, 87.87878787878788, 87.87878787878788, 87.87878787878788]}, "2": {"accuracy_train": [0.484375, 0.609375, 0.6875, 0.75, 0.703125, 0.8125, 0.75, 0.875, 0.84375, 0.828125, 0.84375, 0.875, 0.875, 0.8125, 0.84375, 0.90625, 0.921875, 0.9375, 0.84375, 0.921875, 0.90625, 0.859375, 0.890625, 0.890625, 0.890625], "loss_train": [0.6949180960655212, 0.6373864412307739, 0.5728292465209961, 0.4795445501804352, 0.5447125434875488, 0.46917983889579773, 0.4603205621242523, 0.40524357557296753, 0.3750973641872406, 0.40180841088294983, 0.33991050720214844, 0.3004208505153656, 0.28855735063552856, 0.3227187991142273, 0.3126206398010254, 0.23744814097881317, 0.25469905138015747, 0.20894917845726013, 0.2836359441280365, 0.23635467886924744, 0.2410045862197876, 0.3064453899860382, 0.26969796419143677, 0.2874748408794403, 0.2704331576824188], "accuracy_test": [82.82828282828282, 80.8080808080808, 82.82828282828282, 79.79797979797979, 83.83838383838383, 84.84848484848484, 83.83838383838383, 84.84848484848484, 86.86868686868686, 82.82828282828282, 82.82828282828282, 86.86868686868686, 84.84848484848484, 84.84848484848484, 86.86868686868686, 85.85858585858585, 85.85858585858585, 85.85858585858585, 85.85858585858585, 84.84848484848484, 85.85858585858585, 85.85858585858585, 85.85858585858585, 85.85858585858585, 85.85858585858585]}, "3": {"accuracy_train": [0.46875, 0.625, 0.703125, 0.734375, 0.71875, 0.796875, 0.796875, 0.71875, 0.8125, 0.8125, 0.84375, 0.828125, 0.796875, 0.8125, 0.890625, 0.859375, 0.828125, 0.859375, 0.875, 0.8125, 0.890625, 0.84375, 0.90625, 0.859375, 0.859375], "loss_train": [0.7060738801956177, 0.6230147480964661, 0.5769321918487549, 0.5387007594108582, 0.5266076326370239, 0.465189129114151, 0.5109493732452393, 0.5626077651977539, 0.46093350648880005, 0.41146227717399597, 0.33771124482154846, 0.34745731949806213, 0.35737067461013794, 0.3536648154258728, 0.2881786525249481, 0.325182169675827, 0.35541802644729614, 0.2862527370452881, 0.30018892884254456, 0.38751280307769775, 0.28362131118774414, 0.3140659034252167, 0.26314178109169006, 0.3234224319458008, 0.29134538769721985], "accuracy_test": [79.79797979797979, 78.78787878787878, 85.85858585858585, 85.85858585858585, 87.87878787878788, 77.77777777777777, 85.85858585858585, 88.88888888888889, 82.82828282828282, 80.8080808080808, 83.83838383838383, 83.83838383838383, 84.84848484848484, 83.83838383838383, 82.82828282828282, 83.83838383838383, 84.84848484848484, 83.83838383838383, 82.82828282828282, 83.83838383838383, 84.84848484848484, 84.84848484848484, 84.84848484848484, 83.83838383838383, 84.84848484848484]}, "4": {"accuracy_train": [0.625, 0.671875, 0.703125, 0.734375, 0.796875, 0.734375, 0.875, 0.765625, 0.796875, 0.8125, 0.75, 0.875, 0.84375, 0.90625, 0.953125, 0.859375, 0.875, 0.921875, 0.953125, 0.9375, 0.953125, 0.921875, 0.9375, 0.921875, 0.90625], "loss_train": [0.6921157240867615, 0.5664403438568115, 0.6208365559577942, 0.4690364897251129, 0.4735826551914215, 0.5183577537536621, 0.3414823114871979, 0.4433669447898865, 0.43257686495780945, 0.426012247800827, 0.43207433819770813, 0.3159825801849365, 0.318638414144516, 0.27731460332870483, 0.21766923367977142, 0.30254191160202026, 0.3111148774623871, 0.2400372177362442, 0.2426590919494629, 0.22380965948104858, 0.2175619900226593, 0.22910775244235992, 0.23076462745666504, 0.23019179701805115, 0.25062295794487], "accuracy_test": [77.77777777777777, 77.77777777777777, 77.77777777777777, 79.79797979797979, 87.87878787878788, 81.81818181818181, 84.84848484848484, 82.82828282828282, 87.87878787878788, 86.86868686868686, 85.85858585858585, 88.88888888888889, 84.84848484848484, 83.83838383838383, 86.86868686868686, 85.85858585858585, 84.84848484848484, 86.86868686868686, 86.86868686868686, 86.86868686868686, 87.87878787878788, 87.87878787878788, 87.87878787878788, 86.86868686868686, 87.87878787878788]}, "5": {"accuracy_train": [0.765625, 0.796875, 0.765625, 0.671875, 0.734375, 0.71875, 0.75, 0.671875, 0.78125, 0.8125, 0.796875, 0.828125, 0.921875, 0.84375, 0.859375, 0.78125, 0.828125, 0.8125, 0.84375, 0.890625, 0.828125, 0.75, 0.828125, 0.78125, 0.84375], "loss_train": [0.6745244264602661, 0.6168402433395386, 0.617924690246582, 0.6501935720443726, 0.5858158469200134, 0.598068118095398, 0.5954315066337585, 0.6135732531547546, 0.5681124925613403, 0.455790638923645, 0.514885425567627, 0.47012585401535034, 0.36247822642326355, 0.4024418592453003, 0.42402639985084534, 0.46128401160240173, 0.4224458932876587, 0.42570266127586365, 0.4120790660381317, 0.3462739884853363, 0.4218234419822693, 0.4886961877346039, 0.40490296483039856, 0.42179012298583984, 0.4155029058456421], "accuracy_test": [55.55555555555556, 74.74747474747475, 79.79797979797979, 79.79797979797979, 82.82828282828282, 86.86868686868686, 81.81818181818181, 79.79797979797979, 82.82828282828282, 82.82828282828282, 83.83838383838383, 77.77777777777777, 80.8080808080808, 82.82828282828282, 80.8080808080808, 79.79797979797979, 79.79797979797979, 79.79797979797979, 79.79797979797979, 78.78787878787878, 79.79797979797979, 81.81818181818181, 81.81818181818181, 81.81818181818181, 79.79797979797979]}, "6": {"accuracy_train": [0.4375, 0.65625, 0.671875, 0.75, 0.796875, 0.828125, 0.796875, 0.78125, 0.78125, 0.796875, 0.859375, 0.828125, 0.84375, 0.84375, 0.84375, 0.90625, 0.90625, 0.90625, 0.875, 0.84375, 0.921875, 0.875, 0.9375, 0.875, 0.859375], "loss_train": [0.6962758898735046, 0.6583524942398071, 0.5962533950805664, 0.5472277402877808, 0.4817250967025757, 0.47043371200561523, 0.43175768852233887, 0.4676281213760376, 0.5357322096824646, 0.47187578678131104, 0.38957563042640686, 0.3760034739971161, 0.36604467034339905, 0.35159599781036377, 0.3623867928981781, 0.28877127170562744, 0.2874091863632202, 0.30317243933677673, 0.3100811243057251, 0.3006640374660492, 0.25271281599998474, 0.30040687322616577, 0.2198338657617569, 0.29864856600761414, 0.3210987448692322], "accuracy_test": [70.70707070707071, 83.83838383838383, 83.83838383838383, 83.83838383838383, 85.85858585858585, 81.81818181818181, 81.81818181818181, 83.83838383838383, 85.85858585858585, 85.85858585858585, 82.82828282828282, 80.8080808080808, 81.81818181818181, 80.8080808080808, 80.8080808080808, 81.81818181818181, 81.81818181818181, 81.81818181818181, 81.81818181818181, 82.82828282828282, 82.82828282828282, 82.82828282828282, 82.82828282828282, 82.82828282828282, 82.82828282828282]}, "7": {"accuracy_train": [0.671875, 0.734375, 0.6875, 0.71875, 0.78125, 0.75, 0.84375, 0.828125, 0.796875, 0.859375, 0.8125, 0.796875, 0.890625, 0.875, 0.890625, 0.890625, 0.859375, 0.875, 0.875, 0.828125, 0.890625, 0.890625, 0.875, 0.859375, 0.953125],