{"0_1": {"accuracy_train": [0.625, 0.59375, 0.6875, 0.734375, 0.75, 0.765625, 0.71875, 0.8125, 0.796875, 0.859375, 0.8125, 0.796875, 0.875, 0.796875, 0.890625], "loss_train": [0.6847599744796753, 0.6647713780403137, 0.5792129635810852, 0.5404665470123291, 0.5152221322059631, 0.5489902496337891, 0.60080486536026, 0.42452865839004517, 0.46546313166618347, 0.43987196683883667, 0.4483940005302429, 0.377682626247406, 0.343282014131546, 0.406739205121994, 0.24608691036701202], "accuracy_test": [75.75757575757575, 70.70707070707071, 81.81818181818181, 80.8080808080808, 80.8080808080808, 81.81818181818181, 82.82828282828282, 87.87878787878788, 81.81818181818181, 86.86868686868686, 81.81818181818181, 83.83838383838383, 81.81818181818181, 81.81818181818181, 82.82828282828282]}, "2_1": {"accuracy_train": [0.5, 0.640625, 0.765625, 0.75, 0.703125, 0.75, 0.8125, 0.84375, 0.890625, 0.859375, 0.921875, 0.875, 0.828125, 0.875, 0.890625], "loss_train": [0.6934165358543396, 0.610974133014679, 0.517037570476532, 0.5413328409194946, 0.5432825684547424, 0.559433102607727, 0.501919686794281, 0.43932902812957764, 0.4272781014442444, 0.37004899978637695, 0.3384602665901184, 0.31960999965667725, 0.29901814460754395, 0.3215033710002899, 0.2339549958705902], "accuracy_test": [75.75757575757575, 72.72727272727273, 81.81818181818181, 81.81818181818181, 82.82828282828282, 85.85858585858585, 79.79797979797979, 81.81818181818181, 85.85858585858585, 83.83838383838383, 83.83838383838383, 80.8080808080808, 82.82828282828282, 85.85858585858585, 85.85858585858585]}, "3_1": {"accuracy_train": [0.5, 0.640625, 0.609375, 0.703125, 0.671875, 0.71875, 0.78125, 0.796875, 0.875, 0.875, 0.875, 0.875, 0.859375, 0.875, 0.9375], "loss_train": [0.6933756470680237, 0.643627405166626, 0.5965020656585693, 0.5398812294006348, 0.572030246257782, 0.5376395583152771, 0.492090106010437, 0.43752914667129517, 0.4347628355026245, 0.3771532475948334, 0.33318737149238586, 0.33809694647789, 0.3308316767215729, 0.29970690608024597, 0.23221300542354584], "accuracy_test": [84.84848484848484, 83.83838383838383, 84.84848484848484, 85.85858585858585, 82.82828282828282, 80.8080808080808, 81.81818181818181, 86.86868686868686, 85.85858585858585, 79.79797979797979, 78.78787878787878, 81.81818181818181, 82.82828282828282, 84.84848484848484, 81.81818181818181]}, "4_1": {"accuracy_train": [0.40625, 0.75, 0.734375, 0.703125, 0.703125, 0.71875, 0.796875, 0.71875, 0.765625, 0.8125, 0.828125, 0.84375, 0.84375, 0.9375, 0.890625], "loss_train": [0.7094517946243286, 0.5267692804336548, 0.5768839716911316, 0.5886287689208984, 0.5181665420532227, 0.5287385582923889, 0.4702315926551819, 0.4964088499546051, 0.47109347581863403, 0.4288058578968048, 0.45130443572998047, 0.342695951461792, 0.3429848253726959, 0.29541894793510437, 0.2393510788679123], "accuracy_test": [77.77777777777777, 78.78787878787878, 75.75757575757575, 75.75757575757575, 78.78787878787878, 83.83838383838383, 84.84848484848484, 81.81818181818181, 80.8080808080808, 75.75757575757575, 81.81818181818181, 80.8080808080808, 80.8080808080808, 80.8080808080808, 79.79797979797979]}, "5_1": {"accuracy_train": [0.296875, 0.640625, 0.734375, 0.671875, 0.703125, 0.65625, 0.78125, 0.71875, 0.75, 0.71875, 0.6875, 0.71875, 0.84375, 0.703125, 0.8125], "loss_train": [0.7082141637802124, 0.6328333616256714, 0.5745449066162109, 0.5768834352493286, 0.5653771162033081, 0.5983259081840515, 0.563684344291687, 0.6052130460739136, 0.5161640644073486, 0.5264435410499573, 0.5945743322372437, 0.4668881297111511, 0.4044455885887146, 0.44887804985046387, 0.3660781681537628], "accuracy_test": [80.8080808080808, 79.79797979797979, 80.8080808080808, 80.8080808080808, 84.84848484848484, 84.84848484848484, 83.83838383838383, 83.83838383838383, 86.86868686868686, 82.82828282828282, 79.79797979797979, 83.83838383838383, 78.78787878787878, 83.83838383838383, 79.79797979797979]}, "6_1": {"accuracy_train": [0.625, 0.765625, 0.65625, 0.703125, 0.796875, 0.796875, 0.734375, 0.84375, 0.859375, 0.796875, 0.765625, 0.8125, 0.875, 0.890625, 0.90625], "loss_train": [0.6889299750328064, 0.60434490442276, 0.5880839824676514, 0.5456327795982361, 0.49405717849731445, 0.496695876121521, 0.5875614881515503, 0.49609240889549255, 0.44549745321273804, 0.4686923623085022, 0.5287355780601501, 0.42373722791671753, 0.33765509724617004, 0.2952786982059479, 0.2819036543369293], "accuracy_test": [79.79797979797979, 80.8080808080808, 78.78787878787878, 80.8080808080808, 81.81818181818181, 82.82828282828282, 82.82828282828282, 84.84848484848484, 82.82828282828282, 83.83838383838383, 78.78787878787878, 82.82828282828282, 75.75757575757575, 82.82828282828282, 84.84848484848484]}, "7_1": {"accuracy_train": [0.5625, 0.78125, 0.734375, 0.78125, 0.71875, 0.75, 0.734375, 0.75, 0.875, 0.828125, 0.84375, 0.859375, 0.9375, 0.859375, 0.875], "loss_train": [0.685851514339447, 0.5447273254394531, 0.5357493758201599, 0.5456088781356812, 0.5578824877738953, 0.5282300710678101, 0.521351158618927, 0.5178517699241638, 0.4029256999492645, 0.37561458349227905, 0.2993534803390503, 0.3095393478870392, 0.20514868199825287, 0.25517013669013977, 0.2672926187515259], "accuracy_test": [79.79797979797979, 68.68686868686869, 80.8080808080808, 84.84848484848484, 79.79797979797979, 76.76767676767676, 83.83838383838383, 81.81818181818181, 86.86868686868686, 86.86868686868686, 84.84848484848484, 87.87878787878788, 87.87878787878788, 87.87878787878788, 88.88888888888889]}, "8_1": {"accuracy_train": [0.625, 0.734375, 0.734375, 0.75, 0.765625, 0.734375, 0.796875, 0.734375, 0.765625, 0.765625, 0.84375, 0.859375, 0.84375, 0.859375, 0.875], "loss_train": [0.6811974048614502, 0.6280239224433899, 0.6202573776245117, 0.5637857913970947, 0.5626106262207031, 0.5741486549377441, 0.5009410381317139, 0.5424608588218689, 0.5038416385650635, 0.4654902219772339, 0.40347766876220703, 0.3314037024974823, 0.3697277903556824, 0.3014386296272278, 0.28909850120544434], "accuracy_test": [77.77777777777777, 77.77777777777777, 75.75757575757575, 78.78787878787878, 80.8080808080808, 81.81818181818181, 84.84848484848484, 70.70707070707071, 79.79797979797979, 84.84848484848484, 82.82828282828282, 85.85858585858585, 88.88888888888889, 87.87878787878788, 82.82828282828282]}, "9_1": {"accuracy_train": [0.6875, 0.65625, 0.625, 0.8125, 0.671875, 0.75, 0.671875, 0.75, 0.671875, 0.671875, 0.734375, 0.75, 0.84375, 0.828125, 0.875], "loss_train": [0.6824649572372437, 0.6723183393478394, 0.6370508074760437, 0.5735577940940857, 0.5703624486923218, 0.5523547530174255, 0.5534108877182007, 0.5642340779304504, 0.5797872543334961, 0.6278934478759766, 0.5662431716918945, 0.4772082269191742, 0.42133980989456177, 0.3847368061542511, 0.3191571831703186], "accuracy_test": [55.55555555555556, 81.81818181818181, 78.78787878787878, 76.76767676767676, 79.79797979797979, 81.81818181818181, 85.85858585858585, 79.79797979797979, 85.85858585858585, 83.83838383838383, 87.87878787878788, 86.86868686868686, 88.88888888888889, 87.87878787878788, 87.87878787878788]}}