{"0": {"accuracy_train": [0.59375, 0.75, 0.75, 0.734375, 0.765625, 0.703125, 0.71875, 0.828125, 0.84375, 0.84375, 0.84375, 0.859375, 0.84375, 0.875, 0.84375, 0.84375, 0.875, 0.921875, 0.890625, 0.859375, 0.875, 0.875, 0.859375, 0.90625, 0.890625], "loss_train": [0.6892048716545105, 0.6700838804244995, 0.6126524806022644, 0.5698655247688293, 0.5986117720603943, 0.608566164970398, 0.5852328538894653, 0.48153558373451233, 0.42944493889808655, 0.5018275380134583, 0.44861462712287903, 0.4239226281642914, 0.38702020049095154, 0.32635757327079773, 0.36168602108955383, 0.41245129704475403, 0.2854432761669159, 0.31379246711730957, 0.3409639298915863, 0.3352191746234894, 0.308493047952652, 0.32020509243011475, 0.32520192861557007, 0.2682894766330719, 0.32952675223350525], "accuracy_test": [65.65656565656566, 69.6969696969697, 73.73737373737374, 75.75757575757575, 82.82828282828282, 84.84848484848484, 80.8080808080808, 79.79797979797979, 81.81818181818181, 81.81818181818181, 80.8080808080808, 81.81818181818181, 81.81818181818181, 82.82828282828282, 86.86868686868686, 88.88888888888889, 83.83838383838383, 88.88888888888889, 86.86868686868686, 85.85858585858585, 85.85858585858585, 85.85858585858585, 86.86868686868686, 87.87878787878788, 87.87878787878788]}, "2": {"accuracy_train": [0.46875, 0.71875, 0.734375, 0.71875, 0.703125, 0.84375, 0.8125, 0.78125, 0.828125, 0.765625, 0.828125, 0.84375, 0.84375, 0.859375, 0.828125, 0.84375, 0.859375, 0.890625, 0.84375, 0.875, 0.859375, 0.875, 0.8125, 0.890625, 0.84375], "loss_train": [0.6921641230583191, 0.6040805578231812, 0.5477399230003357, 0.5627492070198059, 0.527026355266571, 0.4843028485774994, 0.4615357518196106, 0.47468331456184387, 0.447923868894577, 0.47357049584388733, 0.39202845096588135, 0.38643375039100647, 0.3962344825267792, 0.3762766122817993, 0.3595016598701477, 0.34882664680480957, 0.3433518409729004, 0.2867079973220825, 0.3433794677257538, 0.2982552647590637, 0.26793426275253296, 0.2531718313694, 0.3739468455314636, 0.3057754337787628, 0.3037322163581848], "accuracy_test": [83.83838383838383, 79.79797979797979, 77.77777777777777, 73.73737373737374, 84.84848484848484, 84.84848484848484, 82.82828282828282, 87.87878787878788, 87.87878787878788, 90.9090909090909, 81.81818181818181, 84.84848484848484, 85.85858585858585, 86.86868686868686, 85.85858585858585, 86.86868686868686, 85.85858585858585, 84.84848484848484, 85.85858585858585, 82.82828282828282, 81.81818181818181, 83.83838383838383, 82.82828282828282, 84.84848484848484, 84.84848484848484]}, "3": {"accuracy_train": [0.609375, 0.6875, 0.796875, 0.609375, 0.671875, 0.71875, 0.703125, 0.734375, 0.78125, 0.75, 0.734375, 0.875, 0.828125, 0.84375, 0.84375, 0.90625, 0.859375, 0.78125, 0.796875, 0.84375, 0.859375, 0.8125, 0.859375, 0.875, 0.84375], "loss_train": [0.6771502494812012, 0.5975950360298157, 0.5358244776725769, 0.6598120927810669, 0.5907362103462219, 0.5344988107681274, 0.5509371161460876, 0.4817471504211426, 0.49363741278648376, 0.5515985488891602, 0.5012795925140381, 0.34639090299606323, 0.3861561119556427, 0.38988205790519714, 0.39191773533821106, 0.34285956621170044, 0.365167498588562, 0.42961475253105164, 0.4078998863697052, 0.3445141017436981, 0.39569103717803955, 0.4129602909088135, 0.37120872735977173, 0.3292540907859802, 0.3410928249359131], "accuracy_test": [79.79797979797979, 82.82828282828282, 84.84848484848484, 81.81818181818181, 80.8080808080808, 81.81818181818181, 87.87878787878788, 77.77777777777777, 84.84848484848484, 87.87878787878788, 80.8080808080808, 81.81818181818181, 85.85858585858585, 83.83838383838383, 84.84848484848484, 81.81818181818181, 83.83838383838383, 85.85858585858585, 86.86868686868686, 87.87878787878788, 86.86868686868686, 87.87878787878788, 87.87878787878788, 88.88888888888889, 86.86868686868686]}, "4": {"accuracy_train": [0.484375, 0.703125, 0.75, 0.6875, 0.75, 0.78125, 0.78125, 0.828125, 0.8125, 0.8125, 0.8125, 0.875, 0.921875, 0.875, 0.890625, 0.890625, 0.890625, 0.890625, 0.9375, 0.859375, 0.875, 0.90625, 0.84375, 0.90625, 0.90625], "loss_train": [0.704599916934967, 0.5557780265808105, 0.5114787817001343, 0.5612894296646118, 0.5592012405395508, 0.4786628782749176, 0.42837196588516235, 0.4467678368091583, 0.41924843192100525, 0.41482266783714294, 0.3631793260574341, 0.36261484026908875, 0.2865564823150635, 0.32479366660118103, 0.3001870810985565, 0.27560725808143616, 0.2592647075653076, 0.26806509494781494, 0.22705739736557007, 0.2845071256160736, 0.3006327152252197, 0.26240232586860657, 0.2463284581899643, 0.23053844273090363, 0.2400551438331604], "accuracy_test": [80.8080808080808, 77.77777777777777, 79.79797979797979, 81.81818181818181, 82.82828282828282, 85.85858585858585, 78.78787878787878, 80.8080808080808, 77.77777777777777, 82.82828282828282, 85.85858585858585, 85.85858585858585, 88.88888888888889, 87.87878787878788, 84.84848484848484, 87.87878787878788, 86.86868686868686, 88.88888888888889, 87.87878787878788, 88.88888888888889, 87.87878787878788, 87.87878787878788, 88.88888888888889, 86.86868686868686, 86.86868686868686]}, "5": {"accuracy_train": [0.5625, 0.71875, 0.75, 0.734375, 0.71875, 0.640625, 0.703125, 0.734375, 0.703125, 0.6875, 0.734375, 0.75, 0.828125, 0.8125, 0.75, 0.828125, 0.8125, 0.84375, 0.78125, 0.828125, 0.828125, 0.765625, 0.75, 0.796875, 0.8125], "loss_train": [0.6911238431930542, 0.647118866443634, 0.5878369808197021, 0.5620980262756348, 0.5867322683334351, 0.5950525999069214, 0.5315203666687012, 0.4879685342311859, 0.5405563116073608, 0.5233203172683716, 0.4728662371635437, 0.48975929617881775, 0.4117181599140167, 0.44866836071014404, 0.4857579171657562, 0.4207799434661865, 0.4193914234638214, 0.4069992005825043, 0.4274064600467682, 0.435364305973053, 0.43702495098114014, 0.4561275243759155, 0.48605412244796753, 0.4555608630180359, 0.44782713055610657], "accuracy_test": [46.464646464646464, 71.71717171717172, 82.82828282828282, 82.82828282828282, 82.82828282828282, 82.82828282828282, 82.82828282828282, 84.84848484848484, 86.86868686868686, 83.83838383838383, 82.82828282828282, 83.83838383838383, 82.82828282828282, 85.85858585858585, 85.85858585858585, 82.82828282828282, 81.81818181818181, 83.83838383838383, 85.85858585858585, 86.86868686868686, 84.84848484848484, 85.85858585858585, 85.85858585858585, 85.85858585858585, 85.85858585858585]}, "6": {"accuracy_train": [0.484375, 0.671875, 0.625, 0.671875, 0.578125, 0.71875, 0.6875, 0.75, 0.734375, 0.734375, 0.71875, 0.8125, 0.796875, 0.78125, 0.828125, 0.859375, 0.78125, 0.8125, 0.875, 0.8125, 0.859375, 0.890625, 0.84375, 0.859375, 0.8125], "loss_train": [0.6919911503791809, 0.6287737488746643, 0.5927624702453613, 0.5866397619247437, 0.6182584166526794, 0.5286981463432312, 0.5653694272041321, 0.5170583128929138, 0.48748740553855896, 0.5063409805297852, 0.491815984249115, 0.44634974002838135, 0.4276195168495178, 0.44397908449172974, 0.4282918870449066, 0.38354676961898804, 0.43696868419647217, 0.44445717334747314, 0.3623506426811218, 0.40380409359931946, 0.3980429172515869, 0.3389222323894501, 0.414177805185318, 0.4050866365432739, 0.40546098351478577], "accuracy_test": [75.75757575757575, 83.83838383838383, 85.85858585858585, 79.79797979797979, 85.85858585858585, 84.84848484848484, 84.84848484848484, 83.83838383838383, 82.82828282828282, 83.83838383838383, 81.81818181818181, 80.8080808080808, 82.82828282828282, 82.82828282828282, 81.81818181818181, 80.8080808080808, 80.8080808080808, 82.82828282828282, 81.81818181818181, 83.83838383838383, 82.82828282828282, 82.82828282828282, 81.81818181818181, 81.81818181818181, 81.81818181818181]}, "7": {"accuracy_train": [0.453125, 0.765625, 0.703125, 0.71875, 0.71875, 0.75, 0.75, 0.71875, 0.75, 0.78125, 0.75, 0.875, 0.84375, 0.875, 0.828125, 0.921875, 0.828125, 0.859375, 0.890625, 0.9375, 0.84375, 0.828125, 0.859375, 0.890625, 0.90625],